OBJECTID,CensusTract,State,POP2010_1,LILATracts_1And10,LILATracts_halfAnd10,LILATracts_1And20,LILATracts_Vehicle,MedianFamilyIncome,TractHUNV,TractSNAP
1,6037544002,California,Los Angeles,0,0,0,0,1.9,53,33
2,6037543905,California,Los Angeles,0,1,0,0,17.9,44,198
3,6037139504,California,Los Angeles,0,0,0,0,15.9,97,120
4,6037139503,California,Los Angeles,0,0,0,0,23.4,236,70
5,6037139401,California,Los Angeles,0,0,0,0,17.4,271,65
6,6037137103,California,Los Angeles,0,0,0,0,6.7,79,61
7,6037134905,California,Los Angeles,0,0,0,0,7.2,34,44
8,6037134522,California,Los Angeles,0,0,0,0,23.8,167,61
9,6037300301,California,Los Angeles,0,0,0,0,5.3,68,16
10,6037135114,California,Los Angeles,0,0,0,0,19.2,559,108
11,6037135113,California,Los Angeles,0,0,0,0,7.1,105,47
12,6037134903,California,Los Angeles,0,0,0,0,12.1,115,46
13,6037134521,California,Los Angeles,0,0,0,0,17.5,137,133
14,6037131701,California,Los Angeles,0,1,0,0,19.1,127,110
15,6037128801,California,Los Angeles,0,0,0,0,11.1,168,133
16,6037127712,California,Los Angeles,0,0,0,0,39.1,165,74
17,6037127606,California,Los Angeles,0,1,0,0,21.5,156,101
18,6037127604,California,Los Angeles,0,1,0,1,26.6,229,59
19,6037124903,California,Los Angeles,0,0,0,0,27.5,214,105
20,6037124204,California,Los Angeles,0,1,0,1,33.7,143,125
21,6037124203,California,Los Angeles,0,1,0,0,30.7,154,187
22,6037124105,California,Los Angeles,0,0,0,0,38,124,59
23,6037124103,California,Los Angeles,0,1,0,0,40.2,55,126
24,6037122121,California,Los Angeles,0,0,0,0,21.9,96,135
25,6037121222,California,Los Angeles,1,1,1,0,26.9,100,301
26,6037121221,California,Los Angeles,0,1,0,0,10.7,25,50
27,6037121101,California,Los Angeles,0,0,0,0,31,42,166
28,6037120108,California,Los Angeles,0,0,0,0,36.2,167,179
29,6037124902,California,Los Angeles,0,0,0,0,17.3,290,68
30,6037124104,California,Los Angeles,0,0,0,0,27.1,184,85
31,6037123902,California,Los Angeles,0,0,0,0,17.9,95,53
32,6037121102,California,Los Angeles,0,0,0,0,13.1,89,89
33,6037106645,California,Los Angeles,0,0,0,0,7.2,36,22
34,6037104204,California,Los Angeles,0,1,0,0,27.1,52,88
35,6037297602,California,Los Angeles,0,0,0,0,11.3,128,56
36,6037297601,California,Los Angeles,0,0,0,0,7.4,32,45
37,6037120107,California,Los Angeles,0,0,0,0,44,223,281
38,6037120106,California,Los Angeles,0,0,0,0,38.3,273,261
39,6037120104,California,Los Angeles,0,0,0,0,38.1,236,175
40,6037120103,California,Los Angeles,0,0,0,0,49.4,159,168
41,6037119342,California,Los Angeles,0,0,0,0,31.9,58,146
42,6037119341,California,Los Angeles,0,0,0,0,20.1,74,82
43,6037117408,California,Los Angeles,0,1,0,0,45.3,190,218
44,6037117407,California,Los Angeles,0,0,0,0,42,106,249
45,6037117201,California,Los Angeles,0,1,0,0,39.3,145,203
46,6037117102,California,Los Angeles,0,1,0,0,6.6,13,32
47,6037117101,California,Los Angeles,0,0,0,0,11.8,0,102
48,6037302506,California,Los Angeles,0,0,0,0,19.4,204,129
49,6037650901,California,Los Angeles,0,0,0,0,8.6,154,176
50,6037302505,California,Los Angeles,0,1,0,0,25.9,392,265
51,6037800506,California,Los Angeles,0,0,0,0,7.4,16,23
52,6037267404,California,Los Angeles,0,0,0,0,15,154,23
53,6037113237,California,Los Angeles,0,0,0,0,8.1,48,57
54,6037102107,California,Los Angeles,1,1,1,0,17.9,111,145
55,6037102104,California,Los Angeles,0,0,0,0,3.3,16,0
56,6037111205,California,Los Angeles,0,0,0,0,7.8,0,41
57,6037108202,California,Los Angeles,0,0,0,0,5.4,75,53
58,6037106649,California,Los Angeles,0,0,0,0,10,16,53
59,6037106646,California,Los Angeles,0,0,0,0,6.6,11,19
60,6037106406,California,Los Angeles,0,0,0,0,8.4,29,78
61,6037104203,California,Los Angeles,0,1,0,0,29.6,130,143
62,6037265602,California,Los Angeles,0,0,0,0,11.5,68,0
63,6037293306,California,Los Angeles,0,0,0,0,12.3,33,48
64,6037276604,California,Los Angeles,0,0,0,0,17.7,127,24
65,6037276603,California,Los Angeles,0,0,0,0,7.4,112,9
66,6037269907,California,Los Angeles,0,0,0,0,18.7,25,84
67,6037269906,California,Los Angeles,0,0,0,0,15.6,173,30
68,6037267901,California,Los Angeles,0,0,0,0,8.1,53,0
69,6037104108,California,Los Angeles,0,1,0,0,22.9,214,214
70,6037602802,California,Los Angeles,0,1,0,0,20.5,85,185
71,6037602801,California,Los Angeles,0,0,0,0,38.9,171,228
72,6037600304,California,Los Angeles,0,1,0,1,39.7,174,306
73,6037702102,California,Los Angeles,0,0,0,0,8.7,191,99
74,6037535001,California,Los Angeles,0,0,0,0,33.8,141,270
75,6037102103,California,Los Angeles,0,0,0,0,6.6,15,13
76,6037295103,California,Los Angeles,0,0,0,0,3.6,53,34
77,6037275602,California,Los Angeles,0,0,0,0,10,68,0
78,6037275101,California,Los Angeles,0,0,0,0,2.7,31,25
79,6037241201,California,Los Angeles,0,1,0,0,30.4,77,189
80,6037239801,California,Los Angeles,0,1,0,0,48.5,208,276
81,6037234901,California,Los Angeles,0,1,0,1,44.6,364,290
82,6037214901,California,Los Angeles,0,0,0,0,15.2,147,0
83,6037214503,California,Los Angeles,0,0,0,0,7.7,94,8
84,6037212501,California,Los Angeles,0,0,0,0,18.9,212,59
85,6037212102,California,Los Angeles,0,0,0,0,31.3,559,39
86,6037212101,California,Los Angeles,0,0,0,0,32.3,200,117
87,6037211922,California,Los Angeles,0,0,0,0,17,406,219
88,6037211804,California,Los Angeles,0,0,0,0,26.5,229,98
89,6037211803,California,Los Angeles,0,0,0,0,27.5,388,97
90,6037211202,California,Los Angeles,0,0,0,0,26.3,329,139
91,6037265201,California,Los Angeles,0,0,0,0,17.2,139,0
92,6037234502,California,Los Angeles,0,1,0,1,23,359,53
93,6037234501,California,Los Angeles,0,1,0,0,22,122,129
94,6037219901,California,Los Angeles,0,0,0,0,37.3,297,261
95,6037214902,California,Los Angeles,0,0,0,0,10.4,206,9
96,6037214502,California,Los Angeles,0,0,0,0,29,155,52
97,6037212701,California,Los Angeles,0,0,0,0,13.4,72,48
98,6037211703,California,Los Angeles,0,0,0,0,17.2,347,107
99,6037208301,California,Los Angeles,0,0,0,0,34.3,262,111
100,6037207502,California,Los Angeles,0,0,0,0,34,798,40
101,6037207301,California,Los Angeles,0,0,0,0,35.6,1745,495
102,6037207102,California,Los Angeles,0,0,0,0,44.8,435,60
103,6037207101,California,Los Angeles,0,0,0,0,42.8,394,45
104,6037211121,California,Los Angeles,0,0,0,0,25.5,141,81
105,6037189201,California,Los Angeles,0,0,0,0,13.9,334,85
106,6037185204,California,Los Angeles,0,0,0,0,13.4,43,40
107,6037185203,California,Los Angeles,0,0,0,0,15.3,122,69
108,6037208501,California,Los Angeles,0,0,0,0,18.2,172,79
109,6037207501,California,Los Angeles,0,0,0,0,10.9,237,14
110,6037207302,California,Los Angeles,0,0,0,0,17.4,894,211
111,6037190801,California,Los Angeles,0,0,0,0,39.9,571,57
112,6037190402,California,Los Angeles,0,0,0,0,44.1,350,91
113,6037190401,California,Los Angeles,0,0,0,0,24.1,365,86
114,6037190201,California,Los Angeles,0,0,0,0,34.8,593,133
115,6037189904,California,Los Angeles,0,0,0,0,20.4,235,57
116,6037206031,California,Los Angeles,0,0,0,0,19.7,200,48
117,6037186301,California,Los Angeles,0,1,0,0,28.3,79,177
118,6037183104,California,Los Angeles,0,1,0,0,9.5,21,26
119,6037311801,California,Los Angeles,0,1,0,0,15.2,117,104
120,6037980028,California,Los Angeles,0,0,0,0,0,0,0
121,6037980026,California,Los Angeles,0,0,0,0,0,0,0
122,6037183103,California,Los Angeles,0,1,0,0,21.5,68,53
123,6037127805,California,Los Angeles,0,0,0,0,24.4,138,36
124,6037127605,California,Los Angeles,0,1,0,0,25.9,162,116
125,6037125401,California,Los Angeles,0,1,0,1,13.8,187,35
126,6037122122,California,Los Angeles,0,0,0,0,32.5,101,151
127,6037120105,California,Los Angeles,0,0,0,0,25.6,114,76
128,6037115103,California,Los Angeles,0,1,0,0,47.5,0,12
129,6037113235,California,Los Angeles,0,0,0,0,13.5,43,59
130,6037320202,California,Los Angeles,0,0,0,0,11.1,38,143
131,6037980024,California,Los Angeles,0,0,0,0,0,4,4
132,6037980023,California,Los Angeles,0,0,0,0,0,0,0
133,6037980022,California,Los Angeles,0,0,0,0,0,0,0
134,6037980021,California,Los Angeles,0,0,0,0,0,0,0
135,6037980020,California,Los Angeles,0,0,0,0,0,0,0
136,6037320201,California,Los Angeles,0,1,0,1,22.2,137,176
137,6037980015,California,Los Angeles,1,1,1,0,35.7,6,72
138,6037701304,California,Los Angeles,0,0,0,0,7.9,191,29
139,6037700802,California,Los Angeles,0,0,0,0,12.4,221,28
140,6037700801,California,Los Angeles,0,0,0,0,15.3,409,13
141,6037700502,California,Los Angeles,0,0,0,0,13.7,421,27
142,6037700501,California,Los Angeles,0,0,0,0,9.3,96,44
143,6037700101,California,Los Angeles,0,0,0,0,24.4,616,48
144,6037670602,California,Los Angeles,0,0,0,0,3.1,42,24
145,6037108201,California,Los Angeles,0,0,0,0,4.5,10,9
146,6037104822,California,Los Angeles,0,0,0,0,31.7,54,113
147,6037104403,California,Los Angeles,0,0,0,0,28.6,67,82
148,6037278001,California,Los Angeles,0,0,0,0,13.6,42,55
149,6037265202,California,Los Angeles,0,0,0,0,17.9,386,22
150,6037264102,California,Los Angeles,0,0,0,0,11,125,0
151,6037800203,California,Los Angeles,0,0,0,0,8.8,26,45
152,6037700102,California,Los Angeles,0,0,0,0,25.3,690,184
153,6037262704,California,Los Angeles,0,0,0,0,5.7,81,0
154,6037240401,California,Los Angeles,0,1,0,0,37,195,394
155,6037237102,California,Los Angeles,0,1,0,1,39.5,208,232
156,6037211704,California,Los Angeles,0,0,0,0,23.5,502,106
157,6037211122,California,Los Angeles,0,0,0,0,26.4,155,73
158,6037207103,California,Los Angeles,0,0,0,0,43.4,246,65
159,6037194101,California,Los Angeles,0,0,0,0,11.4,224,43
160,6037192001,California,Los Angeles,0,0,0,0,21.2,203,0
161,6037190202,California,Los Angeles,0,0,0,0,33.5,278,57
162,6037189903,California,Los Angeles,0,0,0,0,17.5,151,9
163,6037143604,California,Los Angeles,0,0,0,0,11.6,107,9
164,6037141101,California,Los Angeles,0,0,0,0,11.6,77,26
165,6037113422,California,Los Angeles,0,0,0,0,14.8,181,176
166,6037206020,California,Los Angeles,0,0,0,0,10.7,10,16
167,6037206010,California,Los Angeles,0,1,0,1,44,424,140
168,6037207710,California,Los Angeles,0,0,0,0,25.3,489,47
169,6037207400,California,Los Angeles,0,0,0,0,93.1,20,0
170,6037206300,California,Los Angeles,0,0,0,0,79,2032,526
171,6037208000,California,Los Angeles,0,0,0,0,33.9,428,292
172,6037208610,California,Los Angeles,0,0,0,0,20.3,302,101
173,6037208620,California,Los Angeles,0,0,0,0,27.5,304,147
174,6037208710,California,Los Angeles,0,0,0,0,25,282,112
175,6037208902,California,Los Angeles,0,0,0,0,50.9,439,81
176,6037219800,California,Los Angeles,0,0,0,0,29.8,181,175
177,6037219010,California,Los Angeles,0,1,0,0,28.5,87,211
178,6037218900,California,Los Angeles,0,1,0,1,28.2,464,369
179,6037220100,California,Los Angeles,0,0,0,0,32.2,161,158
180,6037219700,California,Los Angeles,0,0,0,0,11.4,222,127
181,6037221220,California,Los Angeles,0,0,0,0,22.7,233,139
182,6037219020,California,Los Angeles,0,1,0,1,18.4,222,231
183,6037221110,California,Los Angeles,0,0,0,0,34.7,425,81
184,6037221120,California,Los Angeles,0,0,0,0,33.1,311,120
185,6037221302,California,Los Angeles,0,0,0,0,38.5,372,235
186,6037221500,California,Los Angeles,0,0,0,0,43.4,323,271
187,6037221900,California,Los Angeles,0,0,0,0,62.7,315,75
188,6037221820,California,Los Angeles,0,0,0,0,63.3,359,62
189,6037221810,California,Los Angeles,0,0,0,0,62.2,227,83
190,6037222100,California,Los Angeles,0,0,0,0,27.2,203,165
191,6037222200,California,Los Angeles,0,0,0,0,33.9,250,197
192,6037222600,California,Los Angeles,0,0,0,0,39.2,282,217
193,6037125501,California,Los Angeles,0,0,0,0,13.2,103,84
194,6037125402,California,Los Angeles,0,0,0,0,9.3,147,48
195,6037123901,California,Los Angeles,0,0,0,0,17.9,171,134
196,6037121802,California,Los Angeles,0,0,0,0,23.2,51,42
197,6037121801,California,Los Angeles,0,1,0,0,28.6,109,204
198,6037119202,California,Los Angeles,0,0,0,0,15.2,40,42
199,6037119201,California,Los Angeles,0,0,0,0,7.9,23,101
200,6037119002,California,Los Angeles,0,0,0,0,19.5,79,109
201,6037119001,California,Los Angeles,0,0,0,0,7.9,27,113
202,6037117202,California,Los Angeles,0,0,0,0,3.3,12,19
203,6037115404,California,Los Angeles,0,0,0,0,30.6,31,109
204,6037115403,California,Los Angeles,0,0,0,0,27,91,142
205,6037104401,California,Los Angeles,0,0,0,0,20.8,36,108
206,6037104620,California,Los Angeles,0,1,0,0,21.2,26,87
207,6037104320,California,Los Angeles,0,1,0,0,15.6,144,241
208,6037530901,California,Los Angeles,0,0,0,0,25.9,33,122
209,6037531101,California,Los Angeles,0,1,0,0,27.3,219,144
210,6037183820,California,Los Angeles,0,0,0,0,33.1,119,187
211,6037185100,California,Los Angeles,0,1,0,0,23.3,258,214
212,6037185202,California,Los Angeles,0,1,0,0,28.9,115,167
213,6037185310,California,Los Angeles,0,1,0,0,26.9,93,110
214,6037186100,California,Los Angeles,0,0,0,0,9.6,140,76
215,6037183220,California,Los Angeles,0,0,0,0,19.8,117,128
216,6037189702,California,Los Angeles,0,0,0,0,11,148,8
217,6037602900,California,Los Angeles,0,1,0,0,18.8,107,112
218,6037620001,California,Los Angeles,0,0,0,0,7,65,64
219,6037106114,California,Los Angeles,0,1,0,0,28.1,139,190
220,6037222500,California,Los Angeles,0,1,0,0,36.1,195,214
221,6037187300,California,Los Angeles,0,0,0,0,6.8,89,35
222,6037222700,California,Los Angeles,0,0,0,0,81.6,15,0
223,6037224010,California,Los Angeles,0,1,0,1,49,672,318
224,6037224020,California,Los Angeles,0,1,0,1,43.9,393,250
225,6037224410,California,Los Angeles,0,1,0,0,42.1,235,148
226,6037181300,California,Los Angeles,0,0,0,0,12,62,10
227,6037224320,California,Los Angeles,0,0,0,0,41.4,374,260
228,6037187200,California,Los Angeles,0,1,0,0,22.4,101,112
229,6037224310,California,Los Angeles,0,0,0,0,39.5,293,94
230,6037115104,California,Los Angeles,1,1,1,1,30.4,267,43
231,6037113102,California,Los Angeles,0,0,0,0,6.4,27,0
232,6037113101,California,Los Angeles,0,0,0,0,7.7,79,14
233,6037111206,California,Los Angeles,0,0,0,0,7,87,38
234,6037109604,California,Los Angeles,0,0,0,0,13.7,68,32
235,6037109603,California,Los Angeles,0,1,0,0,12.8,55,64
236,6037106648,California,Los Angeles,0,1,0,0,32.2,55,188
237,6037106408,California,Los Angeles,0,1,0,0,24.7,38,200
238,6037106407,California,Los Angeles,0,0,0,0,21.6,140,83
239,6037106405,California,Los Angeles,1,1,1,0,24.4,57,61
240,6037104821,California,Los Angeles,0,0,0,0,18.6,33,115
241,6037104704,California,Los Angeles,0,1,0,0,18.5,18,153
242,6037104703,California,Los Angeles,0,1,0,0,39.3,39,138
243,6037104404,California,Los Angeles,0,0,0,0,24.2,43,77
244,6037104124,California,Los Angeles,0,0,0,0,11.5,28,54
245,6037106643,California,Los Angeles,0,0,0,0,2,0,7
246,6037134306,California,Los Angeles,0,0,0,0,15.2,124,146
247,6037121900,California,Los Angeles,0,0,0,0,14.5,54,203
248,6037122410,California,Los Angeles,0,1,0,1,32.2,134,215
249,6037123010,California,Los Angeles,0,0,0,0,28.6,87,149
250,6037122420,California,Los Angeles,0,1,0,1,28.4,155,201
251,6037123020,California,Los Angeles,0,1,0,0,21.7,85,125
252,6037123205,California,Los Angeles,0,1,0,0,27.6,63,128
253,6037123203,California,Los Angeles,0,1,0,0,27.9,128,206
254,6037123204,California,Los Angeles,0,0,0,0,27.3,113,140
255,6037123520,California,Los Angeles,0,0,0,0,25.9,40,103
256,6037123304,California,Los Angeles,0,1,0,0,27.3,314,127
257,6037123303,California,Los Angeles,0,0,0,0,20.9,146,110
258,6037123410,California,Los Angeles,0,0,0,0,25.6,193,164
259,6037123301,California,Los Angeles,0,0,0,0,17,69,119
260,6037700400,California,Los Angeles,0,0,0,0,10.6,309,47
261,6037127220,California,Los Angeles,0,0,0,0,34.9,304,132
262,6037702400,California,Los Angeles,0,0,0,0,4.7,118,12
263,6037702801,California,Los Angeles,0,0,0,0,17.1,209,63
264,6037186401,California,Los Angeles,0,1,0,1,30.6,255,175
265,6037187102,California,Los Angeles,0,0,0,0,5.4,129,53
266,6037189300,California,Los Angeles,0,0,0,0,6.1,120,11
267,6037123420,California,Los Angeles,0,0,0,0,28.7,187,236
268,6037189902,California,Los Angeles,0,0,0,0,14.4,507,44
269,6037190301,California,Los Angeles,0,0,0,0,20,670,50
270,6037190520,California,Los Angeles,0,0,0,0,31.1,383,172
271,6037199700,California,Los Angeles,0,1,0,0,35.6,142,94
272,6037190902,California,Los Angeles,0,1,0,1,28.8,497,247
273,6037191110,California,Los Angeles,0,0,0,0,22.6,434,132
274,6037191201,California,Los Angeles,0,0,0,0,33.7,549,118
275,6037191204,California,Los Angeles,0,0,0,0,20,204,106
276,6037535606,California,Los Angeles,0,1,0,0,36.4,32,83
277,6037190100,California,Los Angeles,0,0,0,0,24,499,65
278,6037603101,California,Los Angeles,0,0,0,0,17.7,153,92
279,6037603102,California,Los Angeles,0,0,0,0,19.5,190,92
280,6037603200,California,Los Angeles,0,0,0,0,6.9,77,20
281,6037224420,California,Los Angeles,0,1,0,1,48.5,322,99
282,6037224600,California,Los Angeles,0,1,0,0,47.4,236,227
283,6037224700,California,Los Angeles,0,0,0,0,76.5,237,35
284,6037226410,California,Los Angeles,0,0,0,0,39.1,245,215
285,6037226420,California,Los Angeles,0,0,0,0,40.1,368,288
286,6037226700,California,Los Angeles,0,0,0,0,44.4,282,311
287,6037227010,California,Los Angeles,0,1,0,0,53.1,166,289
288,6037650200,California,Los Angeles,0,0,0,0,6,23,48
289,6037297202,California,Los Angeles,0,0,0,0,12.2,97,146
290,6037297201,California,Los Angeles,0,1,0,0,18.9,201,193
291,6037296902,California,Los Angeles,0,0,0,0,18.2,134,59
292,6037296901,California,Los Angeles,0,0,0,0,14.7,189,253
293,6037296402,California,Los Angeles,0,0,0,0,11.6,35,99
294,6037296401,California,Los Angeles,0,0,0,0,7,114,13
295,6037294701,California,Los Angeles,0,1,0,0,33.5,177,205
296,6037294421,California,Los Angeles,1,1,1,0,23.5,76,181
297,6037294302,California,Los Angeles,0,1,0,0,23.4,121,207
298,6037102105,California,Los Angeles,1,1,1,0,15.6,68,65
299,6037101122,California,Los Angeles,0,0,0,0,4,0,42
300,6037201602,California,Los Angeles,0,0,0,0,10,27,82
301,6037201601,California,Los Angeles,0,1,0,0,18.8,17,57
302,6037195903,California,Los Angeles,0,0,0,0,16.8,95,101
303,6037195902,California,Los Angeles,0,0,0,0,24.9,96,19
304,6037195901,California,Los Angeles,0,0,0,0,24.5,133,48
305,6037195804,California,Los Angeles,0,1,0,0,22.5,111,60
306,6037195803,California,Los Angeles,0,1,0,0,21.2,87,28
307,6037195202,California,Los Angeles,0,0,0,0,3.9,46,24
308,6037195201,California,Los Angeles,0,0,0,0,9.3,141,31
309,6037269000,California,Los Angeles,0,0,0,0,4.9,152,12
310,6037269500,California,Los Angeles,0,0,0,0,5.8,53,0
311,6037269300,California,Los Angeles,0,0,0,0,3.4,96,20
312,6037269700,California,Los Angeles,0,0,0,0,9.2,67,29
313,6037269800,California,Los Angeles,0,0,0,0,17.5,105,7
314,6037270100,California,Los Angeles,0,0,0,0,16,106,61
315,6037123510,California,Los Angeles,0,0,0,0,21,183,154
316,6037123602,California,Los Angeles,0,0,0,0,25.2,100,118
317,6037123700,California,Los Angeles,0,0,0,0,14.5,116,70
318,6037123800,California,Los Angeles,0,0,0,0,17.2,190,146
319,6037123601,California,Los Angeles,0,0,0,0,18.3,176,148
320,6037124300,California,Los Angeles,0,0,0,0,13.4,170,83
321,6037124500,California,Los Angeles,0,0,0,0,6.8,72,54
322,6037127300,California,Los Angeles,0,1,0,0,21.6,208,76
323,6037127400,California,Los Angeles,0,1,0,1,30.2,145,273
324,6037127920,California,Los Angeles,0,0,0,0,19,104,185
325,6037127910,California,Los Angeles,0,0,0,0,31.4,309,224
326,6037128210,California,Los Angeles,0,1,0,0,45.5,324,354
327,6037128400,California,Los Angeles,0,0,0,0,7.8,122,83
328,6037134104,California,Los Angeles,0,0,0,0,18.8,93,123
329,6037131400,California,Los Angeles,0,0,0,0,14.6,147,62
330,6037131800,California,Los Angeles,0,0,0,0,17.3,188,154
331,6037132300,California,Los Angeles,0,0,0,0,28.4,397,404
332,6037702802,California,Los Angeles,0,0,0,0,8.1,80,27
333,6037702502,California,Los Angeles,0,0,0,0,4.5,238,0
334,6037702700,California,Los Angeles,0,0,0,0,2.7,44,0
335,6037702803,California,Los Angeles,0,0,0,0,11.4,95,34
336,6037127210,California,Los Angeles,0,0,0,0,25.1,177,205
337,6037181000,California,Los Angeles,0,0,0,0,7.3,124,0
338,6037191620,California,Los Angeles,0,0,0,0,32.1,454,150
339,6037191720,California,Los Angeles,0,0,0,0,38.4,444,126
340,6037191420,California,Los Angeles,0,0,0,0,32,317,227
341,6037191500,California,Los Angeles,0,0,0,0,33.7,541,291
342,6037191810,California,Los Angeles,0,0,0,0,39.9,257,156
343,6037191410,California,Los Angeles,0,0,0,0,33.5,526,264
344,6037191820,California,Los Angeles,0,0,0,0,14.4,224,83
345,6037191610,California,Los Angeles,0,0,0,0,23.6,203,158
346,6037192300,California,Los Angeles,0,0,0,0,7.9,20,5
347,6037194200,California,Los Angeles,0,0,0,0,5.9,17,0
348,6037201120,California,Los Angeles,0,0,0,0,27.5,151,251
349,6037201504,California,Los Angeles,0,0,0,0,22.3,35,93
350,6037104103,California,Los Angeles,0,0,0,0,6.9,12,65
351,6037262301,California,Los Angeles,0,0,0,0,7.7,34,0
352,6037108104,California,Los Angeles,0,0,0,0,9.2,6,0
353,6037460800,California,Los Angeles,0,0,0,0,2.6,0,0
354,6037124201,California,Los Angeles,0,0,0,0,11.1,68,169
355,6037189701,California,Los Angeles,0,0,0,0,16.1,64,12
356,6037189600,California,Los Angeles,0,0,0,0,14.7,248,47
357,6037189500,California,Los Angeles,0,0,0,0,11.3,250,85
358,6037700902,California,Los Angeles,0,0,0,0,11.7,209,7
359,6037311600,California,Los Angeles,0,0,0,0,8.1,357,16
360,6037700901,California,Los Angeles,0,0,0,0,12.6,43,8
361,6037189400,California,Los Angeles,0,0,0,0,12.5,53,7
362,6037702501,California,Los Angeles,0,0,0,0,7.8,126,15
363,6037106112,California,Los Angeles,0,0,0,0,16.3,58,42
364,6037670001,California,Los Angeles,0,0,0,0,12.3,59,77
365,6037294301,California,Los Angeles,0,0,0,0,11.7,0,63
366,6037293307,California,Los Angeles,1,1,1,1,18.9,155,123
367,6037278102,California,Los Angeles,0,0,0,0,3.8,9,23
368,6037980009,California,Los Angeles,0,0,0,0,0,0,0
369,6037980008,California,Los Angeles,0,1,0,0,42.6,7,13
370,6037980005,California,Los Angeles,0,0,0,0,0,0,0
371,6037194402,California,Los Angeles,0,0,0,0,23,169,35
372,6037194401,California,Los Angeles,0,0,0,0,4.1,196,7
373,6037194102,California,Los Angeles,0,0,0,0,5.4,16,0
374,6037192002,California,Los Angeles,0,0,0,0,12.5,36,19
375,6037191902,California,Los Angeles,0,0,0,0,11.5,101,29
376,6037191901,California,Los Angeles,0,0,0,0,19.6,359,33
377,6037191302,California,Los Angeles,0,0,0,0,27.3,303,117
378,6037191301,California,Los Angeles,0,0,0,0,19.9,292,113
379,6037190802,California,Los Angeles,0,0,0,0,19.6,394,85
380,6037189905,California,Los Angeles,0,0,0,0,9.2,194,0
381,6037189202,California,Los Angeles,0,0,0,0,6.9,82,15
382,6037189102,California,Los Angeles,0,0,0,0,15.9,231,73
383,6037189101,California,Los Angeles,0,0,0,0,15,161,23
384,6037188202,California,Los Angeles,0,0,0,0,4.9,61,7
385,6037270200,California,Los Angeles,0,1,0,0,19.8,103,0
386,6037270300,California,Los Angeles,0,0,0,0,15.2,101,32
387,6037271100,California,Los Angeles,0,0,0,0,14.9,64,5
388,6037141500,California,Los Angeles,0,0,0,0,2.9,28,8
389,6037271400,California,Los Angeles,0,0,0,0,10.4,34,28
390,6037271600,California,Los Angeles,0,0,0,0,17.4,151,77
391,6037271500,California,Los Angeles,0,0,0,0,7.3,76,11
392,6037271300,California,Los Angeles,0,0,0,0,9.6,115,116
393,6037271200,California,Los Angeles,0,0,0,0,12.1,56,19
394,6037271701,California,Los Angeles,0,0,0,0,10.2,41,17
395,6037271801,California,Los Angeles,0,0,0,0,27.1,126,35
396,6037271702,California,Los Angeles,0,0,0,0,25,125,59
397,6037139502,California,Los Angeles,0,0,0,0,10.3,77,10
398,6037134303,California,Los Angeles,0,0,0,0,8.7,102,70
399,6037133000,California,Los Angeles,0,0,0,0,11.6,29,61
400,6037132700,California,Los Angeles,0,1,0,0,28.8,247,187
401,6037131900,California,Los Angeles,0,0,0,0,15.1,35,23
402,6037133100,California,Los Angeles,0,0,0,0,16.3,290,143
403,6037134101,California,Los Angeles,0,1,0,0,22.2,90,172
404,6037134103,California,Los Angeles,0,0,0,0,19.6,101,84
405,6037131300,California,Los Angeles,0,0,0,0,16.5,21,91
406,6037134201,California,Los Angeles,0,0,0,0,8.4,55,81
407,6037131100,California,Los Angeles,0,0,0,0,12.2,3,23
408,6037131010,California,Los Angeles,0,1,0,1,28.8,213,245
409,6037134304,California,Los Angeles,0,0,0,0,20,72,55
410,6037134302,California,Los Angeles,0,0,0,0,2.2,47,16
411,6037134305,California,Los Angeles,0,0,0,0,41.1,161,246
412,6037134422,California,Los Angeles,0,0,0,0,11.3,32,12
413,6037703002,California,Los Angeles,0,0,0,0,9,106,87
414,6037231300,California,Los Angeles,0,1,0,1,45.7,433,386
415,6037228710,California,Los Angeles,0,0,0,0,54.3,159,233
416,6037228720,California,Los Angeles,0,0,0,0,39.2,172,208
417,6037229100,California,Los Angeles,0,0,0,0,36.1,109,158
418,6037229300,California,Los Angeles,0,0,0,0,52.8,197,427
419,6037229410,California,Los Angeles,0,0,0,0,47.4,105,202
420,6037229420,California,Los Angeles,0,0,0,0,43.1,194,268
421,6037231800,California,Los Angeles,0,0,0,0,51.3,379,387
422,6037231100,California,Los Angeles,0,0,0,0,60.2,238,167
423,6037231900,California,Los Angeles,0,0,0,0,47.9,373,454
424,6037231210,California,Los Angeles,0,0,0,0,31.1,456,249
425,6037231720,California,Los Angeles,0,0,0,0,35.3,370,234
426,6037232400,California,Los Angeles,0,1,0,1,26.7,314,279
427,6037232300,California,Los Angeles,0,1,0,0,29.5,94,111
428,6037232200,California,Los Angeles,0,1,0,0,39,235,147
429,6037232110,California,Los Angeles,0,0,0,0,44.6,208,245
430,6037125320,California,Los Angeles,0,0,0,0,24.4,365,167
431,6037277200,California,Los Angeles,0,0,0,0,15.6,44,76
432,6037291110,California,Los Angeles,0,1,0,0,25.8,193,248
433,6037703001,California,Los Angeles,0,0,0,0,13.1,67,48
434,6037231600,California,Los Angeles,0,1,0,0,38,532,367
435,6037291120,California,Los Angeles,0,1,0,1,35.3,112,195
436,6037125310,California,Los Angeles,0,1,0,0,29,287,156
437,6037291130,California,Los Angeles,0,0,0,0,19.6,118,98
438,6037124600,California,Los Angeles,0,0,0,0,5.9,25,46
439,6037540400,California,Los Angeles,0,1,0,0,39.2,49,177
440,6037535607,California,Los Angeles,0,1,0,0,13.7,56,149
441,6037124000,California,Los Angeles,0,0,0,0,8.4,128,49
442,6037540501,California,Los Angeles,0,1,0,0,31.2,47,165
443,6037532400,California,Los Angeles,0,1,0,0,5.1,1,0
444,6037192420,California,Los Angeles,0,0,0,0,24.7,130,19
445,6037192410,California,Los Angeles,0,0,0,0,16.4,159,31
446,6037192510,California,Los Angeles,0,0,0,0,23.4,236,156
447,6037192520,California,Los Angeles,0,0,0,0,36.3,334,173
448,6037192610,California,Los Angeles,0,0,0,0,35.4,312,230
449,6037195400,California,Los Angeles,0,0,0,0,11.3,270,41
450,6037192700,California,Los Angeles,0,0,0,0,32.6,197,146
451,6037194300,California,Los Angeles,0,0,0,0,11.1,0,9
452,6037192620,California,Los Angeles,0,0,0,0,31.5,304,235
453,6037195600,California,Los Angeles,0,0,0,0,30.2,147,133
454,6037195100,California,Los Angeles,0,0,0,0,8.4,136,52
455,6037980002,California,Los Angeles,0,0,0,0,0,0,0
456,6037980001,California,Los Angeles,0,0,0,0,0,0,0
457,6037188201,California,Los Angeles,0,0,0,0,9.7,49,14
458,6037187101,California,Los Angeles,0,0,0,0,9.6,119,138
459,6037186404,California,Los Angeles,0,0,0,0,29.5,60,108
460,6037186403,California,Los Angeles,0,0,0,0,16.5,106,76
461,6037186302,California,Los Angeles,0,1,0,0,20.4,71,120
462,6037186203,California,Los Angeles,0,0,0,0,18.3,36,70
463,6037186202,California,Los Angeles,0,0,0,0,14.7,38,31
464,6037271802,California,Los Angeles,0,0,0,0,19.2,224,85
465,6037272100,California,Los Angeles,0,0,0,0,10.8,44,56
466,6037272302,California,Los Angeles,0,0,0,0,16.3,155,62
467,6037272301,California,Los Angeles,0,0,0,0,12.8,61,34
468,6037139802,California,Los Angeles,0,0,0,0,4.3,17,37
469,6037185320,California,Los Angeles,0,1,0,0,16.7,96,108
470,6037139801,California,Los Angeles,0,0,0,0,3.2,5,0
471,6037135102,California,Los Angeles,0,0,0,0,10.6,11,23
472,6037139702,California,Los Angeles,0,0,0,0,6.8,38,14
473,6037700300,California,Los Angeles,0,0,0,0,8.3,310,0
474,6037113213,California,Los Angeles,0,0,0,0,13.6,15,51
475,6037138000,California,Los Angeles,0,0,0,0,6.8,0,0
476,6037134710,California,Los Angeles,0,0,0,0,32.4,218,283
477,6037134520,California,Los Angeles,0,0,0,0,27.5,304,264
478,6037134720,California,Los Angeles,0,0,0,0,13.9,148,51
479,6037134800,California,Los Angeles,0,0,0,0,9.1,22,48
480,6037134901,California,Los Angeles,0,0,0,0,14.8,87,85
481,6037135111,California,Los Angeles,0,0,0,0,6.1,33,87
482,6037135201,California,Los Angeles,0,0,0,0,8.5,93,39
483,6037232600,California,Los Angeles,0,0,0,0,32.9,381,347
484,6037232500,California,Los Angeles,0,0,0,0,32.7,345,304
485,6037232800,California,Los Angeles,0,0,0,0,35.5,207,305
486,6037232700,California,Los Angeles,0,1,0,0,28.4,219,348
487,6037234300,California,Los Angeles,0,1,0,1,29.1,729,323
488,6037234700,California,Los Angeles,0,1,0,0,30,343,88
489,6037234800,California,Los Angeles,0,0,0,0,11.8,122,128
490,6037235100,California,Los Angeles,0,0,0,0,8.6,110,97
491,6037234600,California,Los Angeles,0,0,0,0,29.3,273,298
492,6037234000,California,Los Angeles,0,1,0,1,20.6,235,337
493,6037235202,California,Los Angeles,1,1,1,1,33.2,467,282
494,6037235201,California,Los Angeles,1,1,1,1,21.6,131,135
495,6037703100,California,Los Angeles,0,0,0,0,11.2,128,119
496,6037700600,California,Los Angeles,0,0,0,0,5,46,13
497,6037703200,California,Los Angeles,0,0,0,0,6.3,90,154
498,6037191000,California,Los Angeles,0,0,0,0,28.7,319,158
499,6037123206,California,Los Angeles,0,1,0,1,31.1,142,136
500,6037195500,California,Los Angeles,0,0,0,0,14.3,240,67
501,6037195720,California,Los Angeles,0,0,0,0,13.8,191,88
502,6037195710,California,Los Angeles,0,0,0,0,31.1,259,233
503,6037197410,California,Los Angeles,0,0,0,0,15.8,129,71
504,6037195802,California,Los Angeles,0,1,0,0,24.4,144,124
505,6037197300,California,Los Angeles,0,1,0,0,21.3,238,103
506,6037197200,California,Los Angeles,0,1,0,0,9.1,61,49
507,6037543703,California,Los Angeles,0,0,0,0,9.1,22,95
508,6037620102,California,Los Angeles,0,0,0,0,4.1,44,15
509,6037293301,California,Los Angeles,0,0,0,0,9.7,22,16
510,6037101400,California,Los Angeles,0,0,0,0,16,106,94
511,6037186201,California,Los Angeles,0,0,0,0,9.4,139,42
512,6037183702,California,Los Angeles,0,0,0,0,14.4,87,35
513,6037183701,California,Los Angeles,0,0,0,0,29.1,214,201
514,6037183402,California,Los Angeles,0,1,0,0,21.5,54,50
515,6037183401,California,Los Angeles,0,0,0,0,13,57,17
516,6037183222,California,Los Angeles,0,0,0,0,18.3,120,68
517,6037183221,California,Los Angeles,0,0,0,0,19.8,83,49
518,6037143603,California,Los Angeles,0,0,0,0,8.6,48,0
519,6037701701,California,Los Angeles,0,0,0,0,9.2,203,28
520,6037701100,California,Los Angeles,0,1,0,0,59.1,10,14
521,6037701601,California,Los Angeles,0,0,0,0,3.8,50,23
522,6037701801,California,Los Angeles,0,0,0,0,17,492,212
523,6037701602,California,Los Angeles,0,0,0,0,13.9,81,7
524,6037482001,California,Los Angeles,0,0,0,0,7.9,50,18
525,6037128910,California,Los Angeles,0,0,0,0,5.6,100,69
526,6037128702,California,Los Angeles,0,0,0,0,10,0,19
527,6037128302,California,Los Angeles,0,1,0,0,36.8,348,243
528,6037128303,California,Los Angeles,0,1,0,1,46,262,319
529,6037603001,California,Los Angeles,0,1,0,0,24,175,189
530,6037128220,California,Los Angeles,0,0,0,0,17,131,145
531,6037236000,California,Los Angeles,0,0,0,0,5.4,86,49
532,6037236100,California,Los Angeles,0,1,0,1,29.6,1075,535
533,6037237300,California,Los Angeles,0,1,0,1,20.8,252,246
534,6037237500,California,Los Angeles,0,0,0,0,32.2,106,209
535,6037237600,California,Los Angeles,0,1,0,0,28,286,156
536,6037237720,California,Los Angeles,0,1,0,0,45.6,176,218
537,6037237800,California,Los Angeles,0,1,0,1,19.3,182,262
538,6037237710,California,Los Angeles,0,0,0,0,40,233,249
539,6037237900,California,Los Angeles,0,1,0,1,20.1,163,119
540,6037239330,California,Los Angeles,0,0,0,0,29.6,131,187
541,6037239310,California,Los Angeles,0,1,0,1,28.3,230,175
542,6037239320,California,Los Angeles,0,0,0,0,32,180,245
543,6037238310,California,Los Angeles,0,1,0,0,52.6,327,359
544,6037238100,California,Los Angeles,0,1,0,0,20,277,197
545,6037106604,California,Los Angeles,1,1,1,0,23.7,40,126
546,6037208720,California,Los Angeles,0,0,0,0,48.5,745,354
547,6037209402,California,Los Angeles,0,0,0,0,43.4,834,114
548,6037297300,California,Los Angeles,0,0,0,0,7.6,40,12
549,6037297120,California,Los Angeles,0,1,0,0,24,131,165
550,6037702901,California,Los Angeles,0,0,0,0,9.4,186,114
551,6037701000,California,Los Angeles,0,0,0,0,7,132,21
552,6037194500,California,Los Angeles,0,0,0,0,11.2,102,18
553,6037701201,California,Los Angeles,0,0,0,0,5.7,38,0
554,6037195300,California,Los Angeles,0,0,0,0,14.9,140,68
555,6037620101,California,Los Angeles,0,0,0,0,13,32,36
556,6037275603,California,Los Angeles,0,0,0,0,11.3,97,44
557,6037275500,California,Los Angeles,0,0,0,0,26.2,212,276
558,6037275102,California,Los Angeles,0,0,0,0,9.2,78,70
559,6037274202,California,Los Angeles,0,0,0,0,8.8,173,71
560,6037273902,California,Los Angeles,0,0,0,0,11.6,78,7
561,6037273502,California,Los Angeles,0,0,0,0,12.3,195,0
562,6037273402,California,Los Angeles,0,0,0,0,14.5,173,46
563,6037272202,California,Los Angeles,0,0,0,0,14.9,111,49
564,6037272201,California,Los Angeles,0,0,0,0,10,56,43
565,6037271902,California,Los Angeles,0,0,0,0,7.4,95,44
566,6037271901,California,Los Angeles,0,0,0,0,12.3,81,0
567,6037269905,California,Los Angeles,0,0,0,0,8.1,150,72
568,6037269904,California,Los Angeles,0,1,0,0,21.6,136,29
569,6037141304,California,Los Angeles,0,0,0,0,8.8,69,18
570,6037141303,California,Los Angeles,0,0,0,0,12.6,75,0
571,6037141202,California,Los Angeles,0,0,0,0,7.7,26,0
572,6037141201,California,Los Angeles,0,0,0,0,12.9,93,44
573,6037141102,California,Los Angeles,0,0,0,0,7,61,37
574,6037139402,California,Los Angeles,0,0,0,0,9.4,7,5
575,6037139001,California,Los Angeles,0,0,0,0,10.6,60,47
576,6037137104,California,Los Angeles,0,0,0,0,10.4,28,44
577,6037134904,California,Los Angeles,0,0,0,0,11.4,121,34
578,6037702300,California,Los Angeles,0,0,0,0,12.5,147,42
579,6037139600,California,Los Angeles,0,0,0,0,10.1,51,87
580,6037702202,California,Los Angeles,0,0,0,0,9.1,131,38
581,6037224200,California,Los Angeles,0,0,0,0,27.8,267,144
582,6037221210,California,Los Angeles,0,0,0,0,26.6,232,79
583,6037530700,California,Los Angeles,1,1,1,0,31.5,65,111
584,6037137501,California,Los Angeles,0,0,0,0,10.1,170,17
585,6037137402,California,Los Angeles,0,0,0,0,9.4,86,49
586,6037540300,California,Los Angeles,0,1,0,0,20.9,66,310
587,6037541002,California,Los Angeles,0,0,0,0,6.8,23,81
588,6037104610,California,Los Angeles,0,0,0,0,30.8,23,136
589,6037106111,California,Los Angeles,0,0,0,0,10.8,13,35
590,6037111201,California,Los Angeles,0,0,0,0,8.1,49,43
591,6037109800,California,Los Angeles,0,0,0,0,10.7,26,54
592,6037111100,California,Los Angeles,0,0,0,0,8.4,24,18
593,6037600802,California,Los Angeles,0,0,0,0,11.9,122,66
594,6037601301,California,Los Angeles,0,0,0,0,8.3,58,35
595,6037601302,California,Los Angeles,0,1,0,1,14.1,273,580
596,6037600704,California,Los Angeles,0,0,0,0,12.7,83,67
597,6037600912,California,Los Angeles,0,1,0,0,20.3,47,230
598,6037201401,California,Los Angeles,0,1,0,0,28.1,161,243
599,6037238320,California,Los Angeles,0,0,0,0,39.4,220,355
600,6037301602,California,Los Angeles,0,1,0,0,14.5,63,106
601,6037204920,California,Los Angeles,0,0,0,0,27.5,57,50
602,6037206050,California,Los Angeles,0,0,0,0,49.3,230,183
603,6037532900,California,Los Angeles,0,0,0,0,43.4,255,540
604,6037535200,California,Los Angeles,0,1,0,0,30.8,95,428
605,6037535400,California,Los Angeles,0,1,0,0,39.6,85,209
606,6037189800,California,Los Angeles,0,0,0,0,14.8,192,14
607,6037106603,California,Los Angeles,0,0,0,0,2.4,10,0
608,6037208903,California,Los Angeles,0,0,0,0,35.8,602,156
609,6037209102,California,Los Angeles,0,0,0,0,57.1,1105,244
610,6037209300,California,Los Angeles,0,0,0,0,44.2,666,269
611,6037208904,California,Los Angeles,0,0,0,0,68.7,842,178
612,6037209401,California,Los Angeles,0,0,0,0,45.2,722,191
613,6037209200,California,Los Angeles,0,0,0,0,36.3,403,89
614,6037209403,California,Los Angeles,0,0,0,0,63,838,101
615,6037209510,California,Los Angeles,0,0,0,0,31.6,321,115
616,6037209520,California,Los Angeles,0,0,0,0,33.9,381,89
617,6037209810,California,Los Angeles,0,0,0,0,36.7,351,103
618,6037209820,California,Los Angeles,0,0,0,0,40.1,306,139
619,6037210010,California,Los Angeles,0,0,0,0,37.9,588,275
620,6037211000,California,Los Angeles,0,0,0,0,4.7,81,6
621,6037211410,California,Los Angeles,0,0,0,0,20.7,183,137
622,6037211320,California,Los Angeles,0,0,0,0,25.8,498,207
623,6037211310,California,Los Angeles,0,0,0,0,37.2,426,177
624,6037211420,California,Los Angeles,0,0,0,0,21,275,156
625,6037211802,California,Los Angeles,0,0,0,0,25.2,524,103
626,6037211701,California,Los Angeles,0,0,0,0,10.2,104,26
627,6037211910,California,Los Angeles,0,0,0,0,26.2,576,91
628,6037296500,California,Los Angeles,0,1,0,0,28,146,176
629,6037297110,California,Los Angeles,0,0,0,0,36.2,431,299
630,6037297400,California,Los Angeles,0,0,0,0,7.7,22,6
631,6037297500,California,Los Angeles,0,0,0,0,12.9,37,90
632,6037609900,California,Los Angeles,0,0,0,0,7.3,40,5
633,6037296220,California,Los Angeles,0,0,0,0,40.2,260,450
634,6037269903,California,Los Angeles,0,0,0,0,15.6,157,37
635,6037269602,California,Los Angeles,0,1,0,0,28.3,134,103
636,6037269601,California,Los Angeles,0,0,0,0,26.8,194,166
637,6037267902,California,Los Angeles,0,0,0,0,9.2,85,0
638,6037134424,California,Los Angeles,0,0,0,0,0.7,10,9
639,6037134423,California,Los Angeles,0,0,0,0,6.7,180,16
640,6037134002,California,Los Angeles,0,0,0,0,18.1,72,141
641,6037134001,California,Los Angeles,0,0,0,0,28.8,109,85
642,6037132502,California,Los Angeles,0,1,0,0,25.9,206,111
643,6037132501,California,Los Angeles,0,0,0,0,10.1,133,126
644,6037132102,California,Los Angeles,0,0,0,0,17.5,116,163
645,6037132101,California,Los Angeles,0,0,0,0,15.4,62,42
646,6037132002,California,Los Angeles,0,0,0,0,7.7,51,39
647,6037132001,California,Los Angeles,0,0,0,0,8.2,25,55
648,6037131702,California,Los Angeles,0,1,0,0,28.5,86,71
649,6037128802,California,Los Angeles,0,0,0,0,5,314,57
650,6037128602,California,Los Angeles,0,0,0,0,9.4,96,70
651,6037481901,California,Los Angeles,0,0,0,0,6.9,134,37
652,6037134421,California,Los Angeles,0,0,0,0,5,13,0
653,6037294820,California,Los Angeles,0,0,0,0,42.6,152,237
654,6037111204,California,Los Angeles,0,0,0,0,5.6,15,18
655,6037113212,California,Los Angeles,0,0,0,0,3.3,28,40
656,6037113234,California,Los Angeles,0,1,0,0,27.9,152,212
657,6037113211,California,Los Angeles,0,0,0,0,5.7,37,8
658,6037113232,California,Los Angeles,0,0,0,0,5.4,17,34
659,6037113321,California,Los Angeles,0,0,0,0,16,134,148
660,6037113231,California,Los Angeles,0,0,0,0,4.1,5,0
661,6037113301,California,Los Angeles,0,0,0,0,3.4,45,20
662,6037113303,California,Los Angeles,0,0,0,0,5.9,34,61
663,6037113401,California,Los Angeles,0,0,0,0,9,69,64
664,6037600201,California,Los Angeles,0,1,0,1,37.8,291,248
665,6037600100,California,Los Angeles,0,1,0,1,44.6,511,724
666,6037273100,California,Los Angeles,0,0,0,0,9,39,0
667,6037301000,California,Los Angeles,0,0,0,0,7,153,76
668,6037300902,California,Los Angeles,0,0,0,0,11.3,0,8
669,6037311700,California,Los Angeles,0,0,0,0,6.9,112,29
670,6037188300,California,Los Angeles,0,0,0,0,8.2,58,0
671,6037532800,California,Los Angeles,0,0,0,0,40.6,163,307
672,6037211500,California,Los Angeles,0,0,0,0,12.8,245,107
673,6037212202,California,Los Angeles,0,0,0,0,40.5,388,94
674,6037212304,California,Los Angeles,0,0,0,0,26.2,424,52
675,6037212303,California,Los Angeles,0,0,0,0,34.3,613,154
676,6037212204,California,Los Angeles,0,0,0,0,41.5,478,167
677,6037212203,California,Los Angeles,0,0,0,0,39.7,637,104
678,6037212306,California,Los Angeles,0,0,0,0,22.8,356,88
679,6037212410,California,Los Angeles,0,0,0,0,30.2,518,86
680,6037212305,California,Los Angeles,0,0,0,0,35.5,496,173
681,6037212610,California,Los Angeles,0,0,0,0,24.8,420,45
682,6037213201,California,Los Angeles,0,0,0,0,29.1,413,99
683,6037212420,California,Los Angeles,0,0,0,0,39.4,455,75
684,6037212620,California,Los Angeles,0,0,0,0,26.9,520,130
685,6037212900,California,Los Angeles,0,0,0,0,28.6,405,228
686,6037212800,California,Los Angeles,0,0,0,0,29.4,219,227
687,6037213100,California,Los Angeles,0,0,0,0,23.6,148,105
688,6037213202,California,Los Angeles,0,0,0,0,36.9,388,144
689,6037213402,California,Los Angeles,0,0,0,0,25.2,345,133
690,6037213401,California,Los Angeles,0,0,0,0,22.5,466,169
691,6037213310,California,Los Angeles,0,0,0,0,28.9,331,125
692,6037213320,California,Los Angeles,0,0,0,0,22.2,342,73
693,6037700200,California,Los Angeles,0,0,0,0,15.1,499,190
694,6037221710,California,Los Angeles,0,0,0,0,42.8,229,121
695,6037293304,California,Los Angeles,1,1,1,1,18.3,122,166
696,6037227020,California,Los Angeles,0,1,0,0,41.7,113,167
697,6037228220,California,Los Angeles,0,1,0,0,44.6,172,297
698,6037228310,California,Los Angeles,0,0,0,0,41.2,229,232
699,6037228210,California,Los Angeles,0,0,0,0,48.9,262,226
700,6037228100,California,Los Angeles,0,1,0,1,43.5,223,246
701,6037228420,California,Los Angeles,0,0,0,0,46.1,151,174
702,6037228320,California,Los Angeles,0,0,0,0,37.7,126,178
703,6037228410,California,Los Angeles,0,0,0,0,33,210,192
704,6037228500,California,Los Angeles,0,1,0,1,46,234,277
705,6037267403,California,Los Angeles,0,0,0,0,15.5,139,42
706,6037265601,California,Los Angeles,0,0,0,0,2.7,122,5
707,6037239802,California,Los Angeles,0,0,0,0,33.8,272,482
708,6037239702,California,Los Angeles,0,1,0,0,38.4,332,288
709,6037264103,California,Los Angeles,0,0,0,0,13,94,15
710,6037262802,California,Los Angeles,0,0,0,0,1.5,34,0
711,6037262706,California,Los Angeles,0,0,0,0,3.8,33,7
712,6037262604,California,Los Angeles,0,0,0,0,3.8,58,14
713,6037262501,California,Los Angeles,0,0,0,0,3.9,72,0
714,6037241202,California,Los Angeles,0,1,0,1,34.2,237,292
715,6037128601,California,Los Angeles,0,1,0,0,34.4,91,293
716,6037128102,California,Los Angeles,0,0,0,0,35.8,242,191
717,6037128101,California,Los Angeles,0,0,0,0,15.3,84,123
718,6037127806,California,Los Angeles,0,0,0,0,24.9,229,122
719,6037127804,California,Los Angeles,0,0,0,0,18.1,162,58
720,6037127803,California,Los Angeles,0,0,0,0,27.4,316,161
721,6037127711,California,Los Angeles,0,0,0,0,16.5,65,75
722,6037127603,California,Los Angeles,0,1,0,0,27.7,77,123
723,6037127104,California,Los Angeles,0,1,0,0,18.4,206,91
724,6037127103,California,Los Angeles,0,0,0,0,30.6,162,139
725,6037125502,California,Los Angeles,0,1,0,0,30.5,66,19
726,6037293302,California,Los Angeles,0,0,0,0,15.7,70,99
727,6037101210,California,Los Angeles,0,1,0,1,27.6,225,137
728,6037294110,California,Los Angeles,0,0,0,0,16.7,83,127
729,6037294610,California,Los Angeles,0,0,0,0,35,178,167
730,6037543604,California,Los Angeles,0,0,0,0,14.3,5,39
731,6037294620,California,Los Angeles,0,1,0,1,20.7,119,176
732,6037294410,California,Los Angeles,1,1,1,1,25.9,106,217
733,6037101110,California,Los Angeles,0,1,0,0,16,87,124
734,6037294200,California,Los Angeles,0,0,0,0,16.5,53,79
735,6037113322,California,Los Angeles,0,0,0,0,4.5,10,34
736,6037113421,California,Los Angeles,0,1,0,0,29.5,97,252
737,6037115201,California,Los Angeles,0,1,0,1,21.9,299,46
738,6037115302,California,Los Angeles,0,1,0,0,28.6,64,179
739,6037115202,California,Los Angeles,0,1,0,0,19,105,24
740,6037115101,California,Los Angeles,0,0,0,0,2.1,43,30
741,6037117301,California,Los Angeles,0,0,0,0,4.5,8,61
742,6037117302,California,Los Angeles,0,0,0,0,8.4,31,84
743,6037117404,California,Los Angeles,0,0,0,0,10,77,28
744,6037115401,California,Los Angeles,0,0,0,0,17.4,114,182
745,6037119320,California,Los Angeles,0,0,0,0,35.1,84,190
746,6037117510,California,Los Angeles,0,0,0,0,39.1,140,250
747,6037119340,California,Los Angeles,0,0,0,0,37.9,165,260
748,6037119310,California,Los Angeles,0,0,0,0,19.8,94,125
749,6037119400,California,Los Angeles,0,1,0,0,13.1,19,105
750,6037600801,California,Los Angeles,0,0,0,0,6,45,37
751,6037302104,California,Los Angeles,0,0,0,0,13.9,141,154
752,6037320100,California,Los Angeles,0,0,0,0,12.8,35,141
753,6037106113,California,Los Angeles,0,0,0,0,12.3,19,47
754,6037302102,California,Los Angeles,0,1,0,1,15,347,240
755,6037124400,California,Los Angeles,0,0,0,0,16.8,88,46
756,6037125200,California,Los Angeles,0,1,0,1,20.4,136,86
757,6037124700,California,Los Angeles,0,0,0,0,7.1,39,63
758,6037125100,California,Los Angeles,0,0,0,0,10.5,98,128
759,6037127102,California,Los Angeles,0,1,0,0,18.9,182,329
760,6037205120,California,Los Angeles,0,1,0,1,38.9,304,166
761,6037800102,California,Los Angeles,0,0,0,0,7.2,12,25
762,6037190700,California,Los Angeles,0,0,0,0,32.2,635,140
763,6037109400,California,Los Angeles,0,0,0,0,11.2,47,38
764,6037214000,California,Los Angeles,0,0,0,0,5.7,129,44
765,6037214100,California,Los Angeles,0,0,0,0,5.8,101,0
766,6037214400,California,Los Angeles,0,0,0,0,16.6,91,39
767,6037214700,California,Los Angeles,0,0,0,0,8.3,49,6
768,6037214800,California,Los Angeles,0,0,0,0,7.4,115,45
769,6037214600,California,Los Angeles,0,0,0,0,9,110,16
770,6037216100,California,Los Angeles,0,0,0,0,8.4,67,19
771,6037572301,California,Los Angeles,0,1,0,0,25,70,154
772,6037228600,California,Los Angeles,0,0,0,0,53.5,253,280
773,6037229200,California,Los Angeles,0,0,0,0,40.7,316,191
774,6037228800,California,Los Angeles,0,0,0,0,43.4,232,352
775,6037228900,California,Los Angeles,0,0,0,0,57,232,285
776,6037231400,California,Los Angeles,0,1,0,1,26,276,275
777,6037231220,California,Los Angeles,0,0,0,0,44.9,490,431
778,6037231500,California,Los Angeles,1,1,1,1,17.4,121,139
779,6037231710,California,Los Angeles,0,0,0,0,53.9,376,294
780,6037232120,California,Los Angeles,0,0,0,0,43.3,233,381
781,6037236400,California,Los Angeles,0,0,0,0,12.1,115,79
782,6037236202,California,Los Angeles,0,1,0,1,45.3,793,529
783,6037234200,California,Los Angeles,0,0,0,0,19.8,131,78
784,6037261200,California,Los Angeles,0,0,0,0,4,0,0
785,6037262100,California,Los Angeles,0,0,0,0,4.9,0,0
786,6037262400,California,Los Angeles,0,0,0,0,3.4,25,0
787,6037262303,California,Los Angeles,0,0,0,0,4.4,27,0
788,6037262302,California,Los Angeles,0,0,0,0,1.5,7,0
789,6037267200,California,Los Angeles,0,0,0,0,6.5,95,24
790,6037241002,California,Los Angeles,0,1,0,1,26.4,135,215
791,6037241001,California,Los Angeles,0,1,0,1,44.8,157,345
792,6037240402,California,Los Angeles,0,1,0,1,39.8,182,138
793,6037101300,California,Los Angeles,0,0,0,0,6.9,58,33
794,6037651001,California,Los Angeles,0,0,0,0,8.2,78,78
795,6037702600,California,Los Angeles,0,0,0,0,6,114,35
796,6037670701,California,Los Angeles,0,0,0,0,2.5,118,54
797,6037670002,California,Los Angeles,0,0,0,0,11.6,139,53
798,6037294520,California,Los Angeles,0,0,0,0,25.4,113,201
799,6037296600,California,Los Angeles,0,0,0,0,33,377,392
800,6037297000,California,Los Angeles,0,0,0,0,2.4,137,48
801,6037294830,California,Los Angeles,0,0,0,0,40.2,178,210
802,6037294510,California,Los Angeles,0,1,0,0,33.1,84,200
803,6037294900,California,Los Angeles,0,0,0,0,46.6,40,233
804,6037296210,California,Los Angeles,0,1,0,0,43,163,214
805,6037294810,California,Los Angeles,0,0,0,0,44.1,100,334
806,6037104500,California,Los Angeles,0,0,0,0,22.2,26,62
807,6037104810,California,Los Angeles,0,1,0,0,22.1,21,199
808,6037106403,California,Los Angeles,0,0,0,0,5.6,25,65
809,6037107010,California,Los Angeles,0,0,0,0,19,29,79
810,6037106641,California,Los Angeles,0,0,0,0,2.2,0,5
811,6037107020,California,Los Angeles,0,0,0,0,16.4,20,82
812,6037108101,California,Los Angeles,0,0,0,0,2.4,43,0
813,6037117530,California,Los Angeles,0,1,0,0,34.7,298,297
814,6037119800,California,Los Angeles,0,0,0,0,5.8,121,170
815,6037117405,California,Los Angeles,0,0,0,0,44.9,151,269
816,6037120010,California,Los Angeles,0,1,0,0,18.6,62,74
817,6037119900,California,Los Angeles,0,0,0,0,6,59,81
818,6037120030,California,Los Angeles,0,0,0,0,40.6,161,157
819,6037119700,California,Los Angeles,0,0,0,0,19.3,44,51
820,6037121010,California,Los Angeles,0,0,0,0,18,11,114
821,6037120300,California,Los Angeles,0,0,0,0,11.7,60,166
822,6037120020,California,Los Angeles,0,0,0,0,27.7,110,120
823,6037121020,California,Los Angeles,0,1,0,0,18.6,74,133
824,6037117520,California,Los Angeles,0,0,0,0,37.1,173,258
825,6037121210,California,Los Angeles,1,1,1,0,27.1,79,96
826,6037122120,California,Los Angeles,0,1,0,0,15.3,97,138
827,6037127520,California,Los Angeles,0,1,0,1,33.7,250,196
828,6037600202,California,Los Angeles,1,1,1,1,37.9,560,415
829,6037600400,California,Los Angeles,0,1,0,1,15,168,165
830,6037296300,California,Los Angeles,0,0,0,0,9,146,36
831,6037600702,California,Los Angeles,0,0,0,0,12.5,45,140
832,6037135202,California,Los Angeles,0,0,0,0,4.9,7,40
833,6037135203,California,Los Angeles,0,0,0,0,11.1,59,98
834,6037137302,California,Los Angeles,0,0,0,0,5.8,0,7
835,6037132900,California,Los Angeles,0,0,0,0,11.6,62,34
836,6037131200,California,Los Angeles,0,0,0,0,12.9,74,24
837,6037131600,California,Los Angeles,0,0,0,0,9.9,22,82
838,6037137301,California,Los Angeles,0,0,0,0,7,4,6
839,6037137201,California,Los Angeles,0,0,0,0,9.1,77,57
840,6037137504,California,Los Angeles,0,0,0,0,2.5,12,0
841,6037137401,California,Los Angeles,0,0,0,0,7.6,18,10
842,6037190510,California,Los Angeles,0,0,0,0,32.6,409,173
843,6037106520,California,Los Angeles,1,1,1,0,22.5,17,95
844,6037543501,California,Los Angeles,0,0,0,0,17.1,134,105
845,6037264301,California,Los Angeles,0,0,0,0,6.5,67,15
846,6037265520,California,Los Angeles,0,0,0,0,15.1,179,53
847,6037262601,California,Los Angeles,0,0,0,0,6.9,19,0
848,6037265305,California,Los Angeles,0,0,0,0,60.1,500,0
849,6037265420,California,Los Angeles,0,0,0,0,13.3,9,6
850,6037265303,California,Los Angeles,0,1,0,0,75.2,326,14
851,6037265304,California,Los Angeles,0,0,0,0,77.1,230,23
852,6037265100,California,Los Angeles,0,0,0,0,11.2,318,0
853,6037264000,California,Los Angeles,0,0,0,0,7.6,8,0
854,6037265510,California,Los Angeles,0,0,0,0,35.2,301,0
855,6037980033,California,Los Angeles,0,0,0,0,0,0,0
856,6037980031,California,Los Angeles,0,0,0,0,0,0,0
857,6037980030,California,Los Angeles,0,0,0,0,0,0,0
858,6037980019,California,Los Angeles,0,0,0,0,0,0,0
859,6037239701,California,Los Angeles,0,1,0,0,50.7,223,420
860,6037239602,California,Los Angeles,0,1,0,1,38.4,170,285
861,6037239601,California,Los Angeles,0,1,0,0,45.4,174,285
862,6037239502,California,Los Angeles,0,1,0,0,45.7,162,220
863,6037239501,California,Los Angeles,0,0,0,0,35.1,155,197
864,6037101220,California,Los Angeles,0,1,0,0,16.5,180,47
865,6037670702,California,Los Angeles,0,0,0,0,3,29,59
866,6037113233,California,Los Angeles,0,1,0,1,19,171,374
867,6037575500,California,Los Angeles,0,0,0,0,0,0,0
868,6037108102,California,Los Angeles,0,0,0,0,6.7,13,14
869,6037108103,California,Los Angeles,0,0,0,0,1.6,25,6
870,6037109300,California,Los Angeles,0,0,0,0,3.8,38,22
871,6037109200,California,Los Angeles,0,0,0,0,9.7,5,18
872,6037109500,California,Los Angeles,0,1,0,0,11.5,51,44
873,6037111202,California,Los Angeles,0,0,0,0,6.7,118,53
874,6037111301,California,Los Angeles,0,0,0,0,17.5,137,173
875,6037111302,California,Los Angeles,0,0,0,0,13.3,195,75
876,6037111400,California,Los Angeles,0,0,0,0,19.4,311,134
877,6037109700,California,Los Angeles,0,0,0,0,9.2,9,40
878,6037121600,California,Los Angeles,0,0,0,0,11.2,12,68
879,6037540700,California,Los Angeles,0,0,0,0,18.9,88,152
880,6037540901,California,Los Angeles,0,1,0,0,23.4,37,221
881,6037139303,California,Los Angeles,0,1,0,0,25.3,160,155
882,6037139301,California,Los Angeles,0,0,0,0,9.5,46,56
883,6037137502,California,Los Angeles,0,0,0,0,4.4,157,26
884,6037139302,California,Los Angeles,0,1,0,0,20.1,296,110
885,6037139200,California,Los Angeles,0,0,0,0,11.3,140,93
886,6037139701,California,Los Angeles,0,0,0,0,3.7,132,0
887,6037139703,California,Los Angeles,0,0,0,0,6.4,24,0
888,6037131020,California,Los Angeles,0,0,0,0,15.9,109,122
889,6037141400,California,Los Angeles,0,0,0,0,12.2,244,17
890,6037141302,California,Los Angeles,0,0,0,0,12.7,158,0
891,6037143100,California,Los Angeles,0,0,0,0,7.8,58,42
892,6037300400,California,Los Angeles,0,0,0,0,5,51,41
893,6037109100,California,Los Angeles,0,0,0,0,5,60,33
894,6037602200,California,Los Angeles,0,0,0,0,10.7,118,94
895,6037106510,California,Los Angeles,0,0,0,0,10.9,29,48
896,6037603004,California,Los Angeles,0,0,0,0,12.3,84,49
897,6037320300,California,Los Angeles,0,0,0,0,29.6,274,293
898,6037291210,California,Los Angeles,0,1,0,0,27,139,144
899,6037291220,California,Los Angeles,0,0,0,0,27.2,160,184
900,6037291300,California,Los Angeles,0,0,0,0,7.1,81,5
901,6037103300,California,Los Angeles,0,0,0,0,16.6,0,28
902,6037265700,California,Los Angeles,0,0,0,0,7.3,141,0
903,6037265410,California,Los Angeles,0,0,0,0,4.7,19,0
904,6037265301,California,Los Angeles,0,0,0,0,0,0,0
905,6037183101,California,Los Angeles,0,0,0,0,8,61,84
906,6037267100,California,Los Angeles,0,0,0,0,10,16,45
907,6037264302,California,Los Angeles,0,0,0,0,5.7,159,0
908,6037267300,California,Los Angeles,0,0,0,0,23.6,302,54
909,6037267402,California,Los Angeles,0,0,0,0,10,311,12
910,6037267501,California,Los Angeles,0,0,0,0,12.9,296,18
911,6037267502,California,Los Angeles,0,0,0,0,8.7,158,42
912,6037267600,California,Los Angeles,0,0,0,0,7.3,37,50
913,6037239202,California,Los Angeles,0,0,0,0,33.7,188,221
914,6037239201,California,Los Angeles,0,1,0,0,42.3,198,162
915,6037237402,California,Los Angeles,0,1,0,0,20.9,196,157
916,6037237401,California,Los Angeles,0,0,0,0,21.9,89,192
917,6037237202,California,Los Angeles,0,0,0,0,19.6,207,202
918,6037237201,California,Los Angeles,0,0,0,0,31.5,171,120
919,6037237101,California,Los Angeles,0,0,0,0,37.5,274,239
920,6037236204,California,Los Angeles,0,1,0,1,43.2,414,317
921,6037236203,California,Los Angeles,0,1,0,1,25.9,436,304
922,6037234902,California,Los Angeles,0,1,0,1,33.2,331,386
923,6037222001,California,Los Angeles,0,0,0,0,29,93,75
924,6037221602,California,Los Angeles,0,0,0,0,34.1,189,261
925,6037221601,California,Los Angeles,0,0,0,0,33,236,151
926,6037221402,California,Los Angeles,0,0,0,0,34,182,173
927,6037301601,California,Los Angeles,0,0,0,0,16,546,192
928,6037211120,California,Los Angeles,0,0,0,0,21.3,364,43
929,6037572800,California,Los Angeles,0,1,0,0,55.7,62,84
930,6037109601,California,Los Angeles,0,0,0,0,11.4,48,24
931,6037920303,California,Los Angeles,0,0,0,0,14.9,0,3
932,6037920312,California,Los Angeles,0,0,0,0,9.3,226,129
933,6037143200,California,Los Angeles,0,0,0,0,10.3,72,43
934,6037143300,California,Los Angeles,0,0,0,0,7.2,101,31
935,6037143400,California,Los Angeles,0,0,0,0,7.3,70,0
936,6037141700,California,Los Angeles,0,0,0,0,3.6,23,0
937,6037143602,California,Los Angeles,0,0,0,0,10.9,90,4
938,6037240010,California,Los Angeles,0,0,0,0,44.2,204,316
939,6037238400,California,Los Angeles,0,0,0,0,14.5,302,70
940,6037240020,California,Los Angeles,0,1,0,0,30.7,165,307
941,6037240200,California,Los Angeles,0,0,0,0,42,218,406
942,6037240300,California,Los Angeles,0,0,0,0,31.9,328,414
943,6037238200,California,Los Angeles,0,0,0,0,21.2,359,353
944,6037240700,California,Los Angeles,0,1,0,0,28,230,357
945,6037240600,California,Los Angeles,0,1,0,0,33.5,164,239
946,6037463800,California,Los Angeles,0,0,0,0,2.8,7,8
947,6037463900,California,Los Angeles,0,0,0,0,8.2,181,10
948,6037535101,California,Los Angeles,0,0,0,0,28.8,242,531
949,6037532302,California,Los Angeles,1,1,1,0,17.1,64,92
950,6037123104,California,Los Angeles,0,0,0,0,16.4,217,134
951,6037201700,California,Los Angeles,1,1,1,1,25.3,120,145
952,6037543603,California,Los Angeles,0,0,0,0,4.7,79,59
953,6037541001,California,Los Angeles,1,1,1,0,18.9,14,25
954,6037199110,California,Los Angeles,0,1,0,1,21.9,108,76
955,6037197700,California,Los Angeles,0,0,0,0,37.5,283,236
956,6037197600,California,Los Angeles,0,0,0,0,15.5,126,77
957,6037197420,California,Los Angeles,0,0,0,0,17.2,142,80
958,6037197500,California,Los Angeles,0,0,0,0,15.4,217,115
959,6037199000,California,Los Angeles,0,0,0,0,37.8,287,330
960,6037199120,California,Los Angeles,0,1,0,1,47,211,368
961,6037199202,California,Los Angeles,0,1,0,0,27.8,98,144
962,6037293201,California,Los Angeles,0,0,0,0,10.8,39,253
963,6037292000,California,Los Angeles,0,1,0,1,26.3,176,283
964,6037293202,California,Los Angeles,0,1,0,1,37.3,173,402
965,6037294120,California,Los Angeles,0,1,0,0,19.4,42,130
966,6037267700,California,Los Angeles,0,0,0,0,8.2,145,6
967,6037267800,California,Los Angeles,0,0,0,0,2.8,144,4
968,6037269100,California,Los Angeles,0,0,0,0,10,172,110
969,6037700700,California,Los Angeles,0,0,0,0,4,93,0
970,6037226002,California,Los Angeles,0,0,0,0,39.3,342,113
971,6037226001,California,Los Angeles,0,0,0,0,23.6,108,89
972,6037222002,California,Los Angeles,0,1,0,0,14.5,202,142
973,6037980014,California,Los Angeles,1,1,1,0,31.7,0,0
974,6037980013,California,Los Angeles,0,0,0,0,0,0,0
975,6037980010,California,Los Angeles,0,1,0,0,68.3,20,4
976,6037203600,California,Los Angeles,0,1,0,1,31.3,312,265
977,6037670100,California,Los Angeles,0,0,0,0,16.5,227,124
978,6037106020,California,Los Angeles,0,0,0,0,13.5,45,56
979,6037311200,California,Los Angeles,0,0,0,0,5.6,70,29
980,6037311400,California,Los Angeles,0,0,0,0,7.2,19,10
981,6037238000,California,Los Angeles,0,0,0,0,19.2,232,201
982,6037240500,California,Los Angeles,0,1,0,1,43.2,200,444
983,6037240900,California,Los Angeles,0,1,0,1,40.4,227,367
984,6037240800,California,Los Angeles,0,0,0,0,34,159,411
985,6037125600,California,Los Angeles,0,0,0,0,5.5,77,16
986,6037262200,California,Los Angeles,0,0,0,0,3.6,41,0
987,6037242100,California,Los Angeles,0,1,0,1,70.5,244,413
988,6037241110,California,Los Angeles,0,1,0,0,40.1,73,170
989,6037241300,California,Los Angeles,0,1,0,0,33.4,93,113
990,6037241120,California,Los Angeles,0,1,0,1,45,237,291
991,6037241400,California,Los Angeles,0,1,0,1,29.9,126,188
992,6037242000,California,Los Angeles,0,0,0,0,40.2,161,239
993,6037191710,California,Los Angeles,0,0,0,0,34.9,444,92
994,6037191203,California,Los Angeles,0,0,0,0,32.1,358,199
995,6037930200,California,Los Angeles,0,0,0,0,12.4,0,30
996,6037480600,California,Los Angeles,0,0,0,0,10.9,137,41
997,6037543602,California,Los Angeles,0,0,0,0,14.1,48,128
998,6037106642,California,Los Angeles,0,0,0,0,3.9,10,14
999,6037199400,California,Los Angeles,0,1,0,0,28.7,210,184
1000,6037199300,California,Los Angeles,0,1,0,0,22.2,78,114
1001,6037199900,California,Los Angeles,0,1,0,1,37.3,201,193
1002,6037199201,California,Los Angeles,0,0,0,0,28.9,254,221
1003,6037199800,California,Los Angeles,0,0,0,0,28.9,317,150
1004,6037201200,California,Los Angeles,0,0,0,0,24.3,95,122
1005,6037201301,California,Los Angeles,0,1,0,1,20.6,113,164
1006,6037201110,California,Los Angeles,0,0,0,0,10.7,29,83
1007,6037201302,California,Los Angeles,0,0,0,0,10.5,146,33
1008,6037201503,California,Los Angeles,0,0,0,0,32,91,177
1009,6037930401,California,Los Angeles,0,0,0,0,0,0,0
1010,6037221401,California,Los Angeles,0,0,0,0,37,444,138
1011,6037221304,California,Los Angeles,0,0,0,0,35.3,193,232
1012,6037221303,California,Los Angeles,0,0,0,0,46.3,251,71
1013,6037219902,California,Los Angeles,0,0,0,0,17.7,73,157
1014,6037218702,California,Los Angeles,0,0,0,0,27.4,213,131
1015,6037218701,California,Los Angeles,0,0,0,0,19.9,127,179
1016,6037217002,California,Los Angeles,0,0,0,0,13.1,234,58
1017,6037217001,California,Los Angeles,0,0,0,0,12.7,117,97
1018,6037216402,California,Los Angeles,0,0,0,0,14.6,140,15
1019,6037216401,California,Los Angeles,0,0,0,0,14.6,316,103
1020,6037215102,California,Los Angeles,0,0,0,0,18.4,400,28
1021,6037215101,California,Los Angeles,0,0,0,0,16.7,212,62
1022,6037214501,California,Los Angeles,0,0,0,0,16.1,243,13
1023,6037212702,California,Los Angeles,0,0,0,0,7.7,47,10
1024,6037212502,California,Los Angeles,0,0,0,0,10.8,317,59
1025,6037277400,California,Los Angeles,0,1,0,0,26.8,54,107
1026,6037181600,California,Los Angeles,0,0,0,0,7.2,94,50
1027,6037242200,California,Los Angeles,0,1,0,1,41.4,335,287
1028,6037242300,California,Los Angeles,0,1,0,0,31.3,147,297
1029,6037242600,California,Los Angeles,0,1,0,1,67.8,394,659
1030,6037242700,California,Los Angeles,0,1,0,0,39.9,160,409
1031,6037243000,California,Los Angeles,0,1,0,1,30.4,163,373
1032,6037261101,California,Los Angeles,0,0,0,0,6.5,41,0
1033,6037261102,California,Los Angeles,0,0,0,0,10.1,62,0
1034,6037243100,California,Los Angeles,0,1,0,1,47.1,358,547
1035,6037273700,California,Los Angeles,0,0,0,0,10.3,97,28
1036,6037273600,California,Los Angeles,0,0,0,0,12.8,41,9
1037,6037273200,California,Los Angeles,0,0,0,0,22.7,194,112
1038,6037273300,California,Los Angeles,0,0,0,0,12.5,150,148
1039,6037273800,California,Los Angeles,0,0,0,0,11.7,117,7
1040,6037191120,California,Los Angeles,0,0,0,0,29.9,537,160
1041,6037480702,California,Los Angeles,0,0,0,0,5.2,20,18
1042,6037480704,California,Los Angeles,0,0,0,0,11.1,103,20
1043,6037122200,California,Los Angeles,1,1,1,0,23.6,123,128
1044,6037122000,California,Los Angeles,0,0,0,0,14.1,66,82
1045,6037120400,California,Los Angeles,0,1,0,0,25.8,282,221
1046,6037543502,California,Los Angeles,0,0,0,0,9.4,83,80
1047,6037201501,California,Los Angeles,0,1,0,0,18,135,126
1048,6037201402,California,Los Angeles,1,1,1,1,14.2,125,137
1049,6037203300,California,Los Angeles,0,1,0,1,31.6,110,32
1050,6037203100,California,Los Angeles,1,1,1,1,44.7,331,386
1051,6037203500,California,Los Angeles,0,1,0,1,26.9,162,165
1052,6037203710,California,Los Angeles,0,1,0,1,30.8,190,182
1053,6037203200,California,Los Angeles,0,1,0,1,32.9,242,301
1054,6037204410,California,Los Angeles,0,1,0,0,53.4,166,163
1055,6037203800,California,Los Angeles,0,1,0,0,24.1,190,185
1056,6037204420,California,Los Angeles,0,0,0,0,53.1,343,186
1057,6037204110,California,Los Angeles,0,0,0,0,25.4,150,102
1058,6037204300,California,Los Angeles,0,0,0,0,37.6,370,229
1059,6037103200,California,Los Angeles,0,0,0,0,18,74,48
1060,6037103102,California,Los Angeles,0,0,0,0,9,100,81
1061,6037650101,California,Los Angeles,0,0,0,0,4.2,91,0
1062,6037216200,California,Los Angeles,0,0,0,0,15.8,137,43
1063,6037216300,California,Los Angeles,0,0,0,0,10,144,0
1064,6037216900,California,Los Angeles,0,0,0,0,9.6,205,133
1065,6037216700,California,Los Angeles,0,0,0,0,15.3,102,108
1066,6037216800,California,Los Angeles,0,0,0,0,16.1,71,23
1067,6037211921,California,Los Angeles,0,0,0,0,26.3,216,30
1068,6037211201,California,Los Angeles,0,0,0,0,26.7,272,146
1069,6037209104,California,Los Angeles,0,0,0,0,54.6,377,108
1070,6037209103,California,Los Angeles,0,0,0,0,64.9,416,144
1071,6037208802,California,Los Angeles,0,0,0,0,33.3,455,56
1072,6037208801,California,Los Angeles,0,0,0,0,38.6,575,162
1073,6037208502,California,Los Angeles,0,0,0,0,37.3,406,119
1074,6037208402,California,Los Angeles,0,0,0,0,24.7,154,145
1075,6037208401,California,Los Angeles,0,0,0,0,40.1,522,194
1076,6037208302,California,Los Angeles,0,0,0,0,27.8,670,285
1077,6037206032,California,Los Angeles,0,1,0,1,33.3,613,248
1078,6037123103,California,Los Angeles,0,0,0,0,9.5,93,169
1079,6037103101,California,Los Angeles,0,0,0,0,9.2,26,50
1080,6037106010,California,Los Angeles,0,0,0,0,15.9,21,62
1081,6037274100,California,Los Angeles,0,0,0,0,12.7,53,0
1082,6037275200,California,Los Angeles,0,0,0,0,22.6,126,39
1083,6037275400,California,Los Angeles,0,0,0,0,4.9,100,27
1084,6037275302,California,Los Angeles,0,0,0,0,16.2,84,0
1085,6037275311,California,Los Angeles,0,0,0,0,6.3,136,210
1086,6037276000,California,Los Angeles,0,0,0,0,5.1,65,10
1087,6037276100,California,Los Angeles,0,0,0,0,15.1,172,107
1088,6037276500,California,Los Angeles,0,0,0,0,8.5,31,23
1089,6037276400,California,Los Angeles,0,0,0,0,9.1,18,16
1090,6037276601,California,Los Angeles,0,0,0,0,8.8,27,44
1091,6037190901,California,Los Angeles,0,0,0,0,37.7,474,224
1092,6037480703,California,Los Angeles,0,0,0,0,5.6,12,0
1093,6037117303,California,Los Angeles,0,0,0,0,4.9,30,0
1094,6037115301,California,Los Angeles,0,0,0,0,14.7,59,8
1095,6037540600,California,Los Angeles,0,1,0,0,25.4,227,213
1096,6037543503,California,Los Angeles,0,0,0,0,5.9,62,96
1097,6037543400,California,Los Angeles,0,0,0,0,13,12,103
1098,6037203720,California,Los Angeles,0,1,0,0,41.4,280,278
1099,6037204120,California,Los Angeles,0,0,0,0,21.1,80,97
1100,6037204200,California,Los Angeles,0,0,0,0,35.1,269,188
1101,6037204600,California,Los Angeles,0,0,0,0,25.2,177,157
1102,6037203900,California,Los Angeles,0,0,0,0,31,111,141
1103,6037204700,California,Los Angeles,0,0,0,0,22.8,157,207
1104,6037204820,California,Los Angeles,0,1,0,0,20.7,57,119
1105,6037204910,California,Los Angeles,0,0,0,0,39,157,126
1106,6037205110,California,Los Angeles,0,1,0,1,46.4,196,216
1107,6037204810,California,Los Angeles,0,0,0,0,26.6,138,193
1108,6037124102,California,Los Angeles,0,1,0,0,20.4,183,179
1109,6037320000,California,Los Angeles,0,0,0,0,0,0,0
1110,6037206200,California,Los Angeles,0,0,0,0,51.3,1005,319
1111,6037207900,California,Los Angeles,0,0,0,0,27.7,392,10
1112,6037217200,California,Los Angeles,0,1,0,0,21.6,173,96
1113,6037217100,California,Los Angeles,0,0,0,0,13.1,147,202
1114,6037218210,California,Los Angeles,0,1,0,0,29.1,288,96
1115,6037218110,California,Los Angeles,0,0,0,0,19.7,233,120
1116,6037218120,California,Los Angeles,0,0,0,0,28.8,302,208
1117,6037188100,California,Los Angeles,0,0,0,0,18.2,213,48
1118,6037218300,California,Los Angeles,0,1,0,1,22.8,442,275
1119,6037218600,California,Los Angeles,0,1,0,0,20.3,57,163
1120,6037218220,California,Los Angeles,0,0,0,0,22.1,294,78
1121,6037218400,California,Los Angeles,0,1,0,0,29.1,203,208
1122,6037218500,California,Los Angeles,0,1,0,1,27,234,172
1123,6037218800,California,Los Angeles,0,1,0,0,21.5,129,131
1124,6037219500,California,Los Angeles,0,0,0,0,6.4,45,76
1125,6037219300,California,Los Angeles,0,0,0,0,29.1,282,263
1126,6037220000,California,Los Angeles,0,1,0,1,28.3,393,277
1127,6037800204,California,Los Angeles,0,0,0,0,6.3,77,0
1128,6037930101,California,Los Angeles,0,0,0,0,0,0,0
1129,6037103400,California,Los Angeles,0,0,0,0,14.6,146,173
1130,6037104105,California,Los Angeles,0,0,0,0,31.1,81,284
1131,6037104201,California,Los Angeles,0,1,0,0,17.3,64,138
1132,6037104310,California,Los Angeles,0,1,0,0,18.8,64,126
1133,6037104701,California,Los Angeles,0,0,0,0,41.2,181,353
1134,6037128500,California,Los Angeles,0,0,0,0,11.3,187,46
1135,6037277000,California,Los Angeles,0,0,0,0,3.5,123,14
1136,6037277100,California,Los Angeles,0,0,0,0,8.7,64,26
1137,6037143500,California,Los Angeles,0,0,0,0,8.8,70,62
1138,6037143700,California,Los Angeles,0,0,0,0,4.6,57,8
1139,6037141600,California,Los Angeles,0,0,0,0,3.4,20,36
1140,6037143800,California,Los Angeles,0,0,0,0,5.5,98,9
1141,6037143902,California,Los Angeles,0,0,0,0,4.8,39,0
1142,6037143901,California,Los Angeles,0,0,0,0,4.6,34,0
1143,6037181500,California,Los Angeles,0,0,0,0,5.2,31,56
1144,6037181400,California,Los Angeles,0,0,0,0,15,161,84
1145,6037183620,California,Los Angeles,0,0,0,0,17.5,167,147
1146,6037183300,California,Los Angeles,0,0,0,0,19,33,73
1147,6037183510,California,Los Angeles,0,0,0,0,12.4,50,41
1148,6037183610,California,Los Angeles,0,0,0,0,30.4,169,105
1149,6037183520,California,Los Angeles,0,0,0,0,27.4,204,197
1150,6037183810,California,Los Angeles,0,0,0,0,31,268,272
